weight,sa_mean_f1,sa_std_f1,rs_mean_f1,rs_std_f1,wilcoxon_W,p_value,p_bonferroni,rank_biserial_r,significant
"(1.0,0.0,0.0)",0.09503999999999996,0.006039900661434737,0.08939999999999997,0.004162451200915154,0.0,0.001953125,0.009765625,1.0,True
"(0.6,0.2,0.2)",0.12521999999999997,0.02799192026281868,0.11039999999999998,0.01023572176253341,0.0,0.001953125,0.009765625,1.0,True
"(0.34,0.33,0.33)",0.14253999999999994,0.031217437434869655,0.13384999999999997,0.021478512518328646,12.0,0.130859375,0.654296875,0.5636363636363636,False
"(0.2,0.6,0.2)",0.16900999999999997,0.03033600006592827,0.18471999999999994,0.028209175812136042,0.0,0.001953125,0.009765625,-1.0,True
"(0.2,0.2,0.6)",0.14121999999999998,0.03003477318043204,0.13322999999999993,0.019633698072446776,13.0,0.16015625,0.80078125,0.5272727272727272,False
