{
  "hv_nsga2": [
    922.0934966929817,
    922.2718248077289,
    919.5706500377726,
    922.8719340910851,
    928.6596318191714,
    924.1463964112278,
    924.6785998440878,
    920.3309150054613,
    928.7184212503199,
    927.0748373147352
  ],
  "best_acc_nsga2": [
    93.0,
    92.75,
    92.47999999999999,
    93.23,
    93.58,
    93.57,
    92.99,
    92.9,
    93.73,
    93.46
  ],
  "pareto_F_seed42": [
    [
      0.14259999999999995,
      0.01914,
      0.0412932
    ],
    [
      0.06930000000000003,
      2.47818,
      2.7375764
    ],
    [
      0.07389999999999997,
      1.25794,
      1.7907572
    ],
    [
      0.07220000000000004,
      1.16202,
      2.0964948
    ],
    [
      0.07699999999999996,
      0.40458,
      1.2634452
    ],
    [
      0.07479999999999998,
      0.81418,
      0.6246132
    ],
    [
      0.14049999999999996,
      0.02522,
      0.0414148
    ],
    [
      0.07589999999999997,
      0.68426,
      1.7461524
    ],
    [
      0.07579999999999998,
      0.71658,
      2.6153652
    ],
    [
      0.11929999999999996,
      0.02514,
      0.0423476
    ],
    [
      0.10660000000000003,
      0.04562,
      0.054226
    ],
    [
      0.08109999999999995,
      0.16834,
      0.4706324
    ],
    [
      0.1189,
      0.02938,
      0.0513284
    ],
    [
      0.09760000000000002,
      0.06194,
      0.1546276
    ],
    [
      0.07799999999999996,
      0.34122,
      0.3936116
    ],
    [
      0.09219999999999995,
      0.11266,
      0.2245748
    ],
    [
      0.08620000000000005,
      0.47362,
      0.1487124
    ],
    [
      0.10219999999999996,
      0.05122,
      0.0512532
    ],
    [
      0.09409999999999996,
      0.13794,
      0.0752852
    ],
    [
      0.08520000000000005,
      0.21786,
      0.3246228
    ]
  ],
  "pareto_X_seed42": [
    [
      1,
      0,
      0,
      1,
      1,
      0,
      0,
      1,
      1,
      0,
      0,
      1,
      0,
      0
    ],
    [
      2,
      3,
      0,
      1,
      0,
      3,
      0,
      1,
      1,
      3,
      1,
      1,
      1,
      0
    ],
    [
      2,
      3,
      0,
      1,
      1,
      0,
      0,
      0,
      1,
      3,
      1,
      1,
      1,
      0
    ],
    [
      2,
      3,
      0,
      1,
      1,
      3,
      0,
      1,
      1,
      2,
      1,
      1,
      0,
      0
    ],
    [
      2,
      0,
      0,
      1,
      0,
      3,
      0,
      0,
      0,
      1,
      1,
      1,
      2,
      0
    ],
    [
      2,
      0,
      0,
      1,
      1,
      3,
      0,
      1,
      0,
      3,
      0,
      1,
      0,
      0
    ],
    [
      1,
      0,
      0,
      1,
      1,
      0,
      0,
      1,
      1,
      0,
      0,
      1,
      1,
      0
    ],
    [
      2,
      3,
      0,
      1,
      1,
      3,
      0,
      1,
      1,
      2,
      0,
      1,
      1,
      0
    ],
    [
      2,
      3,
      0,
      1,
      0,
      3,
      0,
      0,
      1,
      1,
      1,
      1,
      1,
      0
    ],
    [
      2,
      0,
      0,
      1,
      1,
      0,
      0,
      1,
      0,
      0,
      0,
      1,
      0,
      0
    ],
    [
      2,
      0,
      0,
      1,
      1,
      0,
      0,
      1,
      0,
      0,
      1,
      1,
      0,
      0
    ],
    [
      2,
      3,
      0,
      1,
      0,
      0,
      0,
      0,
      1,
      1,
      1,
      1,
      1,
      0
    ],
    [
      1,
      0,
      0,
      1,
      1,
      0,
      0,
      1,
      1,
      0,
      1,
      1,
      0,
      0
    ],
    [
      2,
      0,
      0,
      1,
      1,
      0,
      1,
      0,
      0,
      0,
      1,
      1,
      1,
      0
    ],
    [
      2,
      0,
      0,
      1,
      1,
      3,
      0,
      1,
      1,
      2,
      0,
      1,
      0,
      0
    ],
    [
      2,
      0,
      0,
      1,
      1,
      0,
      0,
      0,
      0,
      1,
      1,
      1,
      0,
      0
    ],
    [
      2,
      0,
      0,
      1,
      1,
      0,
      0,
      1,
      0,
      3,
      0,
      1,
      1,
      0
    ],
    [
      2,
      0,
      0,
      1,
      1,
      0,
      0,
      1,
      0,
      1,
      0,
      1,
      0,
      0
    ],
    [
      2,
      0,
      0,
      1,
      0,
      0,
      0,
      1,
      1,
      2,
      0,
      1,
      0,
      0
    ],
    [
      2,
      0,
      0,
      1,
      1,
      3,
      0,
      1,
      0,
      0,
      1,
      1,
      2,
      0
    ]
  ],
  "eval_cache_size": 3274,
  "hyperparams": {
    "POP_SIZE": 20,
    "N_GEN": 15,
    "TRAIN_EPOCHS": 5,
    "GLOBAL_SEED": 42
  }
}